0,Brandy Daniel,denise*gaines,srl-isa,2,2021-10-01
1,Michael Fields,christopher?stokes,znta-ea,3,2022-08-26
2,Wendy Hall,shelly_allen,ylo-rhi,2,2022-04-09
3,Michael Morales,ross+schneider,nsapeki,2,2022-08-06
4,Amanda Novak,megan+scott,saaahnc,2,2022-07-11
5,Jamie Miller,jesus+simmons,nscjymt,3,2022-04-20
6,Michael Hill,rachel_stone,slmlacm,3,2022-06-05
7,Eric Anthony DVM,kathleen?smith,euhdvd,2,2022-03-26
8,Mr. Daniel Thompson,natasha_johnson,svdla,1,2022-03-13
9,Laura Ramirez,sally?rose,zhnsnsl,2,2021-12-03
10,Michael Gross,hannah_gomez,gi-ie,2,2021-11-20
11,Erica Savage,christine_koch,oaolmwrn,3,2022-06-14
12,Douglas Tucker,kelly?fisher,nlahik,1,2021-10-15
13,Nicole Hale,mary_mitchell,xcmilw,2,2022-02-09
14,Keith Ho,joshua_johnson,nsaski,1,2021-10-26
15,Jimmy Knight,lisa?snyder,smh-earm,2,2022-03-29
16,Mark Hess,david*madden,edhsmh,2,2021-09-16
17,Jeffrey Smith,andrew_martin,da-einj,1,2021-11-21
18,Jacqueline Fox,ebony+khan,rlewdad,3,2022-08-02
19,Michael Frost,maria+taylor,soleub,3,2022-03-02
20,Christopher Silva,matthew_kennedy,nobaisj,3,2022-03-04